<!-- 
******************************************************************************************
*  Copyright (c) 2023 Yang Haodong, All Rights Reserved                                  *
*                                                                                        *
*  @brief    move base module parameter configure.                                       *
*  @author   Haodong Yang,                                                               *
*  @version  1.0.0                                                                       *
*  @date     2022.06.30                                                                  *
*  @license  GNU General Public License (GPL)                                            *
******************************************************************************************
-->

<launch>
    <arg name="agent_number" default="1" />
    <arg name="agent_id" default="1" />

    <!-- robot's namespace -->
    <arg name="robot_namespace" />
    <!-- whether use namespace or not -->
    <arg name="start_ns" default="false" />
    <!-- robot's type -->
    <arg name="robot" default="turtlebot3_waffle" />
    <!-- global path planner name -->
    <arg name="global_planner" default="a_star" />
    <!-- local planner name -->
    <arg name="local_planner" default="dwa" />

    <!-- move base module -->
    <node pkg="move_base" type="move_base" respawn="false" name="move_base" output="screen">
        <!-- global planner plugin -->
        <!-- <param name="base_global_planner" value="path_planner/PathPlanner"
            if="$(eval arg('global_planner')=='a_star'
                    or arg('global_planner')=='jps' 
                    or arg('global_planner')=='theta_star'
                )" />
        <param name="PathPlanner/planner_name" value="$(arg global_planner)"
            if="$(eval arg('global_planner')=='a_star'
                    or arg('global_planner')=='jps' 
                    or arg('global_planner')=='theta_star'
                )" />
        <rosparam file="$(find sim_env)/config/planner/graph_planner_params.yaml" command="load"
            if="$(eval arg('global_planner')=='a_star'
                    or arg('global_planner')=='jps' 
                    or arg('global_planner')=='theta_star'
                )" /> -->

        <!-- local planner plugin -->
        <param name="base_local_planner" value="pid_controller/PIDController" if="$(eval arg('local_planner')=='pid')" />
        <rosparam file="$(find sim_env)/config/controller/pid_controller_params.yaml" command="load" if="$(eval arg('local_planner')=='pid')" />

        <param name="base_local_planner" value="rpp_controller/RPPController" if="$(eval arg('local_planner')=='rpp')" />
        <rosparam file="$(find sim_env)/config/controller/rpp_controller_params.yaml" command="load" if="$(eval arg('local_planner')=='rpp')" />

        <param name="base_local_planner" value="lqr_controller/LQRController" if="$(eval arg('local_planner')=='lqr')" />
        <rosparam file="$(find sim_env)/config/controller/lqr_controller_params.yaml" command="load" if="$(eval arg('local_planner')=='lqr')" />

        <!-- loading navigation parameters -->
        <rosparam file="$(eval find('sim_env') + '/config/' + arg('robot') + '/costmap_common_params_' + arg('robot') + '.yaml')" command="load"
            ns="global_costmap" />
        <rosparam file="$(eval find('sim_env') + '/config/' + arg('robot') + '/costmap_common_params_' + arg('robot') + '.yaml')" command="load"
            ns="local_costmap" />

        <rosparam file="$(find sim_env)/config/costmap/local_costmap_params.yaml" command="load" />
        <rosparam file="$(find sim_env)/config/costmap/local_costmap_plugins.yaml" command="load" />
        <rosparam file="$(find sim_env)/config/costmap/global_costmap_params.yaml" command="load"/>
        <rosparam file="$(find sim_env)/config/costmap/global_costmap_plugins.yaml" command="load" />
        <rosparam file="$(find sim_env)/config/move_base_params.yaml" command="load" />

        <!-- set coordinate transformation namespace -->
        <param name="global_costmap/scan/sensor_frame" value="$(arg robot_namespace)/base_scan" if="$(arg start_ns)" />
        <param name="global_costmap/scan/topic" value="/$(arg robot_namespace)/scan" if="$(arg start_ns)" />
        <param name="global_costmap/obstacle_layer/scan/sensor_frame" value="$(arg robot_namespace)/base_footprint" if="$(arg start_ns)" />
        <param name="global_costmap/obstacle_layer/scan/topic" value="/$(arg robot_namespace)/scan" if="$(arg start_ns)" />
        <param name="global_costmap/global_frame" value="map" />
        <param name="global_costmap/robot_base_frame" value="$(arg robot_namespace)/base_footprint" if="$(arg start_ns)" />

        <param name="local_costmap/scan/sensor_frame" value="$(arg robot_namespace)/base_scan" if="$(arg start_ns)" />
        <param name="local_costmap/scan/topic" value="/$(arg robot_namespace)/scan" if="$(arg start_ns)" />
        <param name="local_costmap/global_frame" value="$(arg robot_namespace)/odom" if="$(arg start_ns)" />
        <param name="local_costmap/robot_base_frame" value="$(arg robot_namespace)/base_footprint" if="$(arg start_ns)" />

        <!-- centralize map -->
        <remap from="map" to="/map" />
    </node>
</launch>