<?xml version='1.0' encoding='utf-8'?>
<launch>
	<arg name="agent_number" default="2" />
	<arg name="agent_id" default="2" />

	<arg name="robot1_type" value="turtlebot3_waffle" />
	<arg name="robot1_global_planner" value="theta_star" />
	<arg name="robot1_local_planner" value="rpp" />
	<arg name="robot1_x_pos" value="0.0" />
	<arg name="robot1_y_pos" value="0.0" />
	<arg name="robot1_z_pos" value="0.0" />
	<arg name="robot1_yaw" value="0.0" />

	<arg name="robot2_type" value="turtlebot3_waffle" />
	<arg name="robot2_global_planner" value="theta_star" />
	<arg name="robot2_local_planner" value="rpp" />
	<arg name="robot2_x_pos" value="5.0" />
	<arg name="robot2_y_pos" value="0.0" />
	<arg name="robot2_z_pos" value="0.0" />
	<arg name="robot2_yaw" value="0.0" />

	<include file="$(find sim_env)/launch/app/environment_single.launch.xml">
		<arg name="agent_number" value="$(arg agent_number)" />
		<arg name="agent_id" value="$(arg agent_id)" />
		<arg name="robot" value="$(eval arg('robot' + str(arg('agent_id')) + '_type'))" />
		<arg name="global_planner" value="$(eval arg('robot' + str(arg('agent_id')) + '_global_planner'))" />
		<arg name="local_planner" value="$(eval arg('robot' + str(arg('agent_id')) + '_local_planner'))" />
		<arg name="robot_namespace" value="robot$(arg agent_id)" />
		<arg name="start_ns" value="true" />
		<arg name="robot_x" value="$(eval arg('robot' + str(arg('agent_id')) + '_x_pos'))" />
		<arg name="robot_y" value="$(eval arg('robot' + str(arg('agent_id')) + '_y_pos'))" />
		<arg name="robot_z" value="$(eval arg('robot' + str(arg('agent_id')) + '_z_pos'))" />
		<arg name="robot_yaw" value="$(eval arg('robot' + str(arg('agent_id')) + '_yaw'))" />
	</include>

	<include file="$(find sim_env)/launch/include/robots/start_robots.launch.xml" if="$(eval arg('agent_id') &gt; 1)">
		<arg name="agent_id" value="$(eval arg('agent_id') - 1)" />
	</include>
</launch>
